feature,importance
radius_mean,0.3006368648700339
concavity_worst,0.27040328039392275
radius_se,0.13918001607307906
compactness_worst,0.13249416225193475
texture_worst,0.07884914367098389
texture_mean,0.04895182637742641
texture_se,0.029484706362619083
